start_date,end_date,cstep_avg,cstep_sd,dim90,pratio,loc_burst,true_n,sample_sd
1900-01-01,1904-12-31,0.258967523281253,0.05085131404280452,22,14.176122021531087,-0.29032370614936653,55,23.01620548492057
1901-01-01,1905-12-31,0.25372147021342645,0.05149269150691359,22,13.966756920073198,-0.2286874975317064,56,23.204304416964586
1902-01-01,1906-12-31,0.24097930389960953,0.054665739541165645,22,13.2473116758888,-0.005447890822519653,53,23.295173493373486
1903-01-01,1907-12-31,0.2304688135174504,0.05016179711336776,21,12.648130681826947,-0.14664079848362513,56,23.111444119662057
1904-01-01,1908-12-31,0.2277047140626187,0.04606490800067587,21,12.552010240192413,-0.03248541150028836,51,22.856427179732965
1905-01-01,1909-12-31,0.23254611512856105,0.045677900669715873,21,12.379628307500822,-0.10889230565087879,50,22.510640784600803
1906-01-01,1910-12-31,0.24226690238979579,0.04827338752654847,21,13.216602730048738,0.016445452320439435,50,22.466693045607474
1907-01-01,1911-12-31,0.2528704441189402,0.03940728725343672,21,12.781447069488372,-0.07332536075726902,46,22.10554764790961
1908-01-01,1912-12-31,0.25829433191362994,0.03283872443195025,21,13.242384067402547,-0.07332536075726902,47,21.992726598816454
1909-01-01,1913-12-31,0.2542202589378325,0.040959779772087854,21,13.41223495596363,-0.0031056200151418343,49,21.760928380744577
1910-01-01,1914-12-31,0.2552771231395347,0.04377770442604084,21,12.943652682894626,-0.07225289412548278,50,21.743062401999772
1911-01-01,1915-12-31,0.25059617343306245,0.04021520823754444,21,12.899691588112915,-0.06390150969721006,49,21.50615021437104
1912-01-01,1916-12-31,0.2505980672000534,0.04477840322993948,20,13.485033956059715,-0.0945040932433,43,21.1833330787777
1913-01-01,1917-12-31,0.2563355275410027,0.04576996165116009,21,13.232861245294592,-0.02803926855075696,41,21.4501710001955
1914-01-01,1918-12-31,0.25787355743662566,0.040412583939261094,20,12.971371343749414,-0.11611212898412841,39,21.368374037705685
1915-01-01,1919-12-31,0.24067733336180785,0.047552454597996265,20,12.99239853135109,-0.2154380878814761,41,21.15509230537217
1916-01-01,1920-12-31,0.23369814298936326,0.04710802168705739,20,12.659587444771917,-0.2154380878814761,48,20.968354742454654
1917-01-01,1921-12-31,0.23415123004480465,0.045208633622894893,20,12.574352721135504,0.15423905763334947,53,21.065341561080455
1918-01-01,1922-12-31,0.2239174617096172,0.04337010998682901,20,12.217524683172158,0.09751001021146993,57,20.60089841393557
1919-01-01,1923-12-31,0.22550547508678348,0.043671472755481,20,12.14368463243329,0.03900049294035022,66,20.53524750268356
1920-01-01,1924-12-31,0.22964018135061268,0.044532913842514475,21,12.082354813657858,-0.04502166344518783,67,20.409790426545573
1921-01-01,1925-12-31,0.2289935870165582,0.04522593493508974,20,12.373069951365792,-0.13457791940816852,66,20.320967280964943
1922-01-01,1926-12-31,0.2216545285421453,0.04208920914480946,20,12.899219557786713,-0.19999999999999996,67,20.52632377240158
1923-01-01,1927-12-31,0.21919721354098368,0.04432887286650309,20,11.762765102679275,0.06280220326480897,67,20.324533427707824
1924-01-01,1928-12-31,0.2140122706466755,0.04560354274763561,19,11.899673963099852,0.05365537671692373,72,20.249982459679803
1925-01-01,1929-12-31,0.2121893689837466,0.04285031917616587,19,12.496326483454748,0.07704245576808115,100,19.723912254401927
1926-01-01,1930-12-31,0.2097786339071098,0.04125374552971435,19,11.075295066260173,0.061323895424985835,107,19.623248199552414
1927-01-01,1931-12-31,0.21076214007191563,0.04260936117364311,19,11.170791653534947,-0.014821139436441422,123,19.435789820945654
1928-01-01,1932-12-31,0.20717084060559643,0.045656153902043015,19,11.47758983857788,-0.06499132081495332,179,19.500064017568757
1929-01-01,1933-12-31,0.20358882553028032,0.04473925258346104,19,11.59489110603955,-0.020562096938424517,170,18.59987886555802
1930-01-01,1934-12-31,0.1950698187007172,0.04630166334286909,18,12.106860102778791,0.11711067914998824,162,17.72338840438489
1931-01-01,1935-12-31,0.19319805094526302,0.04642925827631661,18,11.666778184936042,0.10173082979515798,155,17.7982341207892
1932-01-01,1936-12-31,0.1870639428215839,0.04274429880806016,17,11.272802219579482,0.1639113929158229,170,17.553487411753263
1933-01-01,1937-12-31,0.1835863568243261,0.03784853263364915,17,11.22248453724014,-0.06132079886760065,181,16.667526323475727
1934-01-01,1938-12-31,0.18394749487123072,0.03842217233395169,16,11.436792415996472,0.008361233430572691,253,16.400668697035208
1935-01-01,1939-12-31,0.18371927009569117,0.03882351449549213,17,10.605760394323813,0.01319373634513257,292,16.36738522605166
1936-01-01,1940-12-31,0.1847955791676613,0.03947526345809988,17,11.141770451634327,0.03481723527565057,295,16.5175553125883
1937-01-01,1941-12-31,0.18846204312035097,0.04192821495802296,17,11.034159666936974,0.09320923698930629,300,16.447327786328618
1938-01-01,1942-12-31,0.18812008255252752,0.042096580710146284,17,11.129866065689757,-0.009611450915593603,245,16.833937129521917
1939-01-01,1943-12-31,0.1909852921442337,0.04323939909891517,17,11.124785286680135,0.03465374194827958,213,17.15231066855817
1940-01-01,1944-12-31,0.1943209629589374,0.04094553001021518,17,9.87217179716605,0.07044629563425427,207,16.309892038752288
1941-01-01,1945-12-31,0.19182640108491555,0.04054370240862089,17,10.123353854460314,0.07187306370535318,232,16.742714699297434
1942-01-01,1946-12-31,0.18251963993666442,0.04024315541187735,17,11.044811906719884,0.1505604562879865,235,15.957052792926609
1943-01-01,1947-12-31,0.18174757307774306,0.03993937633986008,17,10.452082665524957,0.14959777862499812,257,16.872055368179232
1944-01-01,1948-12-31,0.18026151277767602,0.03942685905893591,17,11.625227653753342,0.17044478739753846,219,16.79591510088579
1945-01-01,1949-12-31,0.17455051655336762,0.03913704892751074,17,10.836840729051191,0.17994854935418542,176,16.914066898073752
1946-01-01,1950-12-31,0.17360190699177894,0.040575259613732775,17,11.085119608714216,-0.12026266463537585,150,16.048413399733274
1947-01-01,1951-12-31,0.18177083433806238,0.04049109857870997,17,11.153453424922883,-0.12456273646974397,125,16.433262096114355
1948-01-01,1952-12-31,0.17887835994524384,0.04344992517339389,17,9.661740195097762,-0.057198985522192755,103,16.759343179254394
1949-01-01,1953-12-31,0.18253083258226982,0.04477736026423622,16,9.851320308542277,-0.06903895258917182,140,16.8135414849258
1950-01-01,1954-12-31,0.1872579332156757,0.04749775941034622,17,11.020834255259087,0.09065603244129326,167,16.567177200441165
1951-01-01,1955-12-31,0.1859933973368671,0.046414104281193434,17,10.796831473328801,0.15230331696054963,186,16.562897923873148
1952-01-01,1956-12-31,0.184119628032679,0.04717746096278246,17,10.8051935634283,0.1504021430350167,204,16.41396962146907
1953-01-01,1957-12-31,0.18827393858738567,0.04601471116048936,17,11.046594327031968,0.07805946880609886,221,16.913811302802465
1954-01-01,1958-12-31,0.18415879878833305,0.04570943375343086,17,9.511388587102905,-0.007289816988232316,191,17.10210930052235
1955-01-01,1959-12-31,0.1857993242238441,0.04406560851005642,17,11.142138701906985,-0.021365664816795006,172,16.440433176775716
1956-01-01,1960-12-31,0.18861260518409,0.044929766017942796,17,10.691586349435347,-0.05796518597837564,202,16.59644426028277
1957-01-01,1961-12-31,0.19384401061327552,0.0425956034781291,17,11.562336381225673,-0.07350827228520047,190,16.405641332803558
1958-01-01,1962-12-31,0.19057628981082514,0.04441643651183265,17,9.564250824217106,-0.1257708765187165,188,16.785899266611487
1959-01-01,1963-12-31,0.19304672812585733,0.044896059334377805,17,11.66072526333174,-0.07868212632809835,227,16.386021142279166
1960-01-01,1964-12-31,0.19296490661252957,0.044182385528139904,17,10.584808705976327,-0.07548371903906241,262,16.73522066003064
1961-01-01,1965-12-31,0.19296993676193278,0.044570880421334606,17,10.864400511351374,-0.0015133188036480097,277,16.980820994560617
1962-01-01,1966-12-31,0.1920358869837193,0.04577873439850284,17,10.521686079193646,0.0073187497585150444,247,16.65217372177542
1963-01-01,1967-12-31,0.19445737858655435,0.04589343877612567,17,11.41509225828513,-0.05334646088314102,282,17.126987113100483
1964-01-01,1968-12-31,0.19819524069587535,0.045714257056680314,17,11.250861505692544,-0.059866725996185095,272,16.746044400728472
1965-01-01,1969-12-31,0.20623811598963093,0.05124304693292036,17,11.574549540694921,0.12366804554249824,332,15.928831754329757
1966-01-01,1970-12-31,0.20838451617754544,0.05199172874806392,16,10.440527536367638,-0.008605353939104093,298,16.982075798564715
1967-01-01,1971-12-31,0.20600781558850562,0.05041246403872849,16,10.440527536367638,0.020743824450939377,364,16.982075798564715
1968-01-01,1972-12-31,0.2053193016678651,0.05030172022647105,17,10.789945665780593,0.05313696571470173,321,16.602826914745542
